num,zid,pid,stock
1,738bb6acab7ea90210644ee117c568bd,pop8010070874,NotExists
1,738bb6acab7ea90210644ee117c568bd,pop8009718584,NotExists
2,b3916d08f46a506149a56d83a4b1f49a,pop8009072534,NotExists
3,52fef2b7060494529ef12ede57070471,pop8008466118,NotExists
4,7b058389d651c74bd4eb2bc0fc26e727,pop8002297142,NotExists
5,b46d1d863570448c5b026411866eebbd,pop8010678558,NotExists
6,a45920e1b27d67b8050b799bc7363330,pop8006906192,NotExists
7,b9e39a63b8957199a1b07e5e7fc63608,pop8010493759,NotExists
8,f473a6352e47455d8a6853da96f65114,1122490397,NotExists
9,8642624428f4d4735d5d033079e6234a,1121710333,NotExists
10,d13679ecf65f7cc20e62afb351e17bf7,pop8007227437,NotExists
10,d13679ecf65f7cc20e62afb351e17bf7,pop8010627358,NotExists
10,d13679ecf65f7cc20e62afb351e17bf7,pop8010627358,NotExists
10,d13679ecf65f7cc20e62afb351e17bf7,pop8009968692,NotExists
11,0247066e32bd68b4ba21331d5cfeec9d,pop8001988195,NotExists
12,e02649e5d3c60b8c32dc49b3e6152de0,pop8010582814,NotExists
13,f7c7c95ca65fccdb3e4c303ec00c607b,pop8008966317,NotExists
14,ebacdc4bb77d7ce3538e6e7d7b8fe015,1130000690,NotExists
15,8fc651bb717d3d1cddc9f369de0b898f,1122910241,NotExists
16,cd97bccbad7f52e30251f3a00d94cc0c,pop8010685933,NotExists
17,64df19ed227239db1c8764ec8af1ec32,pop8010675509,NotExists
17,64df19ed227239db1c8764ec8af1ec32,pop8008668611,NotExists
17,64df19ed227239db1c8764ec8af1ec32,pop8008658597,NotExists
17,64df19ed227239db1c8764ec8af1ec32,pop8009891454,NotExists
18,11af9c1c57c09256d031542650e39688,pop8009652182,NotExists
18,11af9c1c57c09256d031542650e39688,pop8010024765,NotExists
19,76b751a9b4934c0504e57e95e5890611,pop8001525084,NotExists
19,76b751a9b4934c0504e57e95e5890611,pop8008832063,NotExists
19,76b751a9b4934c0504e57e95e5890611,pop8007946378,NotExists
20,826585bd94b82d0b49ee51583338a701,pop8010538842,NotExists
21,1815236bca4f9005dbe4d1208f1d349b,pop8006919479,NotExists
22,a2790a3a2dc058fde88a218a9035b954,pop8003839010,NotExists
23,5789ff7708ff7d60382c1dd18f3683a7,pop8002450140,NotExists
23,5789ff7708ff7d60382c1dd18f3683a7,pop8002450140,NotExists
23,5789ff7708ff7d60382c1dd18f3683a7,pop8002450140,NotExists
23,5789ff7708ff7d60382c1dd18f3683a7,pop8002450140,NotExists
23,5789ff7708ff7d60382c1dd18f3683a7,pop8002450140,NotExists
24,34f7b11591eed05a2d8442e59537ccff,1123340507,NotExists
24,34f7b11591eed05a2d8442e59537ccff,1123340508,NotExists
24,34f7b11591eed05a2d8442e59537ccff,1123340528,NotExists
25,5896e499765f54c12bd8a96a92668b14,pop8010027343,NotExists
26,d691dd64b0eabf5116fb47c8254b64bf,pop8003116495,NotExists
26,d691dd64b0eabf5116fb47c8254b64bf,pop8003116495,NotExists
27,89b303195098e053af3624dc87bcdb75,pop8006906192,NotExists
27,89b303195098e053af3624dc87bcdb75,pop8006906192,NotExists
27,89b303195098e053af3624dc87bcdb75,pop8006906192,NotExists
27,89b303195098e053af3624dc87bcdb75,pop8006906192,NotExists
28,8cbfc93a9e738f8a509eddae6c383c84,1000041418,NotExists
28,8cbfc93a9e738f8a509eddae6c383c84,1000041418,NotExists
29,8be55e4e4cbe8f8fc001c7a57b38b472,pop8008652837,NotExists
29,8be55e4e4cbe8f8fc001c7a57b38b472,pop8008652837,NotExists
29,8be55e4e4cbe8f8fc001c7a57b38b472,1130018204,NotExists
29,8be55e4e4cbe8f8fc001c7a57b38b472,pop8005305477,NotExists
29,8be55e4e4cbe8f8fc001c7a57b38b472,1130018204,NotExists
29,8be55e4e4cbe8f8fc001c7a57b38b472,pop8007887490,NotExists
29,8be55e4e4cbe8f8fc001c7a57b38b472,pop8005609740,NotExists
29,8be55e4e4cbe8f8fc001c7a57b38b472,pop8003533353,NotExists
29,8be55e4e4cbe8f8fc001c7a57b38b472,pop8010399501,NotExists
29,8be55e4e4cbe8f8fc001c7a57b38b472,pop8010094608,NotExists
29,8be55e4e4cbe8f8fc001c7a57b38b472,pop8010174458,NotExists
29,8be55e4e4cbe8f8fc001c7a57b38b472,1130001252,NotExists
29,8be55e4e4cbe8f8fc001c7a57b38b472,1130001252,NotExists
30,e44190c3f197b87aabcb6f11fd4b20e8,pop8009440718,NotExists
30,e44190c3f197b87aabcb6f11fd4b20e8,pop8009440718,NotExists
31,b431e8d10a258ecf624a5e55d5db0cbf,pop8008607242,NotExists
32,1de3c0fbab2f62ddf327d50762cff9c3,pop8010571249,NotExists
32,1de3c0fbab2f62ddf327d50762cff9c3,pop8010571250,NotExists
32,1de3c0fbab2f62ddf327d50762cff9c3,pop8010571246,NotExists
32,1de3c0fbab2f62ddf327d50762cff9c3,pop8010571243,NotExists
32,1de3c0fbab2f62ddf327d50762cff9c3,pop8010571246,NotExists
33,8c6d949a3e713a86fe4327a5a9e6ad05,1130549287,NotExists
34,1baf81dbb12d3e012b4a545dbc0d4937,pop8004943484,NotExists
34,1baf81dbb12d3e012b4a545dbc0d4937,pop8004943484,NotExists
35,e0c367bc9ea38a6b1d0189eabed9c491,pop8003670117,NotExists
35,e0c367bc9ea38a6b1d0189eabed9c491,pop8003670117,NotExists
35,e0c367bc9ea38a6b1d0189eabed9c491,pop8002431333,NotExists
35,e0c367bc9ea38a6b1d0189eabed9c491,pop8002431333,NotExists
36,abc43d1f12982414f39c0baea381b779,pop8005835987,NotExists
36,abc43d1f12982414f39c0baea381b779,1123500232,NotExists
37,05aa59c08244258f55e91315de62cd3c,pop8008286256,NotExists
38,1302ea72e9dda9c2827bfddc7e7f1b34,1102710345,NotExists
38,1302ea72e9dda9c2827bfddc7e7f1b34,pop8008277869,NotExists
38,1302ea72e9dda9c2827bfddc7e7f1b34,pop8003143493,NotExists
38,1302ea72e9dda9c2827bfddc7e7f1b34,pop8008363249,NotExists
38,1302ea72e9dda9c2827bfddc7e7f1b34,pop8008363249,NotExists
38,1302ea72e9dda9c2827bfddc7e7f1b34,pop8009349421,NotExists
38,1302ea72e9dda9c2827bfddc7e7f1b34,pop8009349421,NotExists
38,1302ea72e9dda9c2827bfddc7e7f1b34,pop8008652309,NotExists
38,1302ea72e9dda9c2827bfddc7e7f1b34,pop8009216135,NotExists
38,1302ea72e9dda9c2827bfddc7e7f1b34,pop8008653709,NotExists
38,1302ea72e9dda9c2827bfddc7e7f1b34,pop8008363249,NotExists
38,1302ea72e9dda9c2827bfddc7e7f1b34,pop8003979845,NotExists
38,1302ea72e9dda9c2827bfddc7e7f1b34,pop8008674053,NotExists
39,5e66704d011f9ebeeb505c3af455f31b,pop8003883983,NotExists
39,5e66704d011f9ebeeb505c3af455f31b,pop8003883983,NotExists
40,9f37ce548dbc8cafdfa1809bbc1aa978,N8000003294,NotExists
41,bc3db4703a5ded6f04d5aac81f9566a3,pop8009024926,NotExists
41,bc3db4703a5ded6f04d5aac81f9566a3,pop8009024926,NotExists
41,bc3db4703a5ded6f04d5aac81f9566a3,pop8009024926,NotExists
42,43eeb81c4e8fa3ee71eb1f584307a4c3,pop8006710374,NotExists
42,43eeb81c4e8fa3ee71eb1f584307a4c3,pop8006915803,NotExists
42,43eeb81c4e8fa3ee71eb1f584307a4c3,pop8007190541,NotExists
42,43eeb81c4e8fa3ee71eb1f584307a4c3,pop8006710374,NotExists
42,43eeb81c4e8fa3ee71eb1f584307a4c3,pop8006710374,NotExists
43,7814f50ac5591cefa7af72ab580e66be,pop8010487993,NotExists
44,40e7e793425037f94a0c74c9ccf8ec7b,pop8006004648,NotExists
45,e0c141e39448e2ff86dddcbc8d99caf6,tz10000861,NotExists
45,e0c141e39448e2ff86dddcbc8d99caf6,1130544722,NotExists
46,454e549099904bdaa63bc53de3b536d5,1123240857,NotExists
46,454e549099904bdaa63bc53de3b536d5,1122390159,NotExists
46,454e549099904bdaa63bc53de3b536d5,1122390157,NotExists
47,bf669cdf06289379c8c724cebd6b8653,pop8010056857,NotExists
47,bf669cdf06289379c8c724cebd6b8653,pop8010056857,NotExists
47,bf669cdf06289379c8c724cebd6b8653,pop8010056861,NotExists
47,bf669cdf06289379c8c724cebd6b8653,pop8010056859,NotExists
47,bf669cdf06289379c8c724cebd6b8653,pop8010056862,NotExists
47,bf669cdf06289379c8c724cebd6b8653,pop8010056863,NotExists
48,5c133a32091d1d682e61257547fe2be5,pop8001254423,NotExists
48,5c133a32091d1d682e61257547fe2be5,pop8010394402,NotExists
48,5c133a32091d1d682e61257547fe2be5,pop8009582309,NotExists
48,5c133a32091d1d682e61257547fe2be5,pop8009582314,NotExists
49,ea610eff804bb13bc4515ce82bd8da89,pop8010683042,NotExists
50,da82f998cd71601c8252f6eb4ce8fbc4,pop8003350740,NotExists
51,7c36fa16e0add226c436015ed8e200c8,pop8010588648,NotExists
51,7c36fa16e0add226c436015ed8e200c8,pop8010588652,NotExists
51,7c36fa16e0add226c436015ed8e200c8,pop8010593123,NotExists
51,7c36fa16e0add226c436015ed8e200c8,pop8010593139,NotExists
51,7c36fa16e0add226c436015ed8e200c8,pop8010593138,NotExists
51,7c36fa16e0add226c436015ed8e200c8,pop8010593134,NotExists
51,7c36fa16e0add226c436015ed8e200c8,pop8010589331,NotExists
51,7c36fa16e0add226c436015ed8e200c8,pop8010589373,NotExists
51,7c36fa16e0add226c436015ed8e200c8,pop8010593123,NotExists
51,7c36fa16e0add226c436015ed8e200c8,pop8010593138,NotExists
51,7c36fa16e0add226c436015ed8e200c8,pop8010593139,NotExists
51,7c36fa16e0add226c436015ed8e200c8,pop8010593137,NotExists
51,7c36fa16e0add226c436015ed8e200c8,pop8010593140,NotExists
51,7c36fa16e0add226c436015ed8e200c8,pop8010593138,NotExists
52,a0d8e2c16cf7b8a699b19f1b4ebe7a13,1130334882,NotExists
52,a0d8e2c16cf7b8a699b19f1b4ebe7a13,1130334882,NotExists
53,46ae5bad3724c8b7d172063c6e7b9265,pop8010587222,NotExists
54,d307753631d72b393297a4480b931bb2,1130037703,NotExists
55,9f5ff5cddfe954da18c7ba5926959482,pop8010377739,NotExists
56,985adeeec349cfef1185f55c6a4411e9,pop8004500469,NotExists
57,5b467e1637890224c3cfa8fcb6a736d8,pop8002616550,NotExists
58,3648939a1fc219d9f1dfa4cf5ed5b98c,pop8010643493,NotExists
58,3648939a1fc219d9f1dfa4cf5ed5b98c,pop8010482043,NotExists
58,3648939a1fc219d9f1dfa4cf5ed5b98c,pop8010482007,NotExists
58,3648939a1fc219d9f1dfa4cf5ed5b98c,pop8010474971,NotExists
59,f81b5af59eaaa2bea051acebe3e10303,pop8007580993,NotExists
59,f81b5af59eaaa2bea051acebe3e10303,pop8009899487,NotExists
60,8c2746a785f94808abac3692078d4aac,pop8009946764,NotExists
61,726155d0f08ed3bd89e4c6247db62e6f,1122440010,NotExists
62,626aa810c97dd3387d9f8ed14dff3384,pop8008634486,NotExists
63,1125108413d38d0b0e93027b270dd83a,1123501907,NotExists
63,1125108413d38d0b0e93027b270dd83a,1123231672,NotExists
63,1125108413d38d0b0e93027b270dd83a,1123501907,NotExists
63,1125108413d38d0b0e93027b270dd83a,1123231672,NotExists
63,1125108413d38d0b0e93027b270dd83a,pop8004957712,NotExists
63,1125108413d38d0b0e93027b270dd83a,pop8004957712,NotExists
64,a99fa7c3e5c3dd1cbe2bc802d229a150,1000057273,NotExists
64,a99fa7c3e5c3dd1cbe2bc802d229a150,1000057273,NotExists
65,f25e050b9c6dba21b35466e1596ef763,tz10000861,NotExists
66,d99ddf0cd81b81d004a69cfd21c44dc3,1109100016,NotExists
67,0b0bd7a6b09a4d9353efe4986b52387e,pop8006906192,NotExists
68,e637c924ab19f7f601e6a57008110ec1,pop8010494316,NotExists
68,e637c924ab19f7f601e6a57008110ec1,pop8010517119,NotExists
68,e637c924ab19f7f601e6a57008110ec1,pop8010517119,NotExists
68,e637c924ab19f7f601e6a57008110ec1,pop8010517120,NotExists
68,e637c924ab19f7f601e6a57008110ec1,pop8010517119,NotExists
69,6b07db6a9053fb92dbb4587ecafd9448,pop8007537821,NotExists
69,6b07db6a9053fb92dbb4587ecafd9448,1130540690,NotExists
70,fccea46f8754b276efec07909ff8d350,1130051654,NotExists
70,fccea46f8754b276efec07909ff8d350,1130051654,NotExists
70,fccea46f8754b276efec07909ff8d350,1130051655,NotExists
70,fccea46f8754b276efec07909ff8d350,1130051654,NotExists
70,fccea46f8754b276efec07909ff8d350,1130051654,NotExists
70,fccea46f8754b276efec07909ff8d350,1130051654,NotExists
70,fccea46f8754b276efec07909ff8d350,1130051654,NotExists
70,fccea46f8754b276efec07909ff8d350,1130051654,NotExists
70,fccea46f8754b276efec07909ff8d350,1130051654,NotExists
71,b4b7c743f30a48f5e9c3148aca450521,pop8010352075,NotExists
71,b4b7c743f30a48f5e9c3148aca450521,pop8009377021,NotExists
71,b4b7c743f30a48f5e9c3148aca450521,pop8010500478,NotExists
71,b4b7c743f30a48f5e9c3148aca450521,pop8009377021,NotExists
71,b4b7c743f30a48f5e9c3148aca450521,pop8008757984,NotExists
71,b4b7c743f30a48f5e9c3148aca450521,pop8010531831,NotExists
71,b4b7c743f30a48f5e9c3148aca450521,1123050587,NotExists
71,b4b7c743f30a48f5e9c3148aca450521,1123201466,NotExists
71,b4b7c743f30a48f5e9c3148aca450521,pop8008766917,NotExists
71,b4b7c743f30a48f5e9c3148aca450521,pop8010127490,NotExists
71,b4b7c743f30a48f5e9c3148aca450521,pop8010127490,NotExists
71,b4b7c743f30a48f5e9c3148aca450521,pop8010127490,NotExists
71,b4b7c743f30a48f5e9c3148aca450521,pop8009704275,NotExists
71,b4b7c743f30a48f5e9c3148aca450521,pop8009704280,NotExists
72,d69aa8dfe719a252640dba989374baf9,1130051654,NotExists
73,373c3789770aec360609f5c24c825520,pop8010604957,NotExists
73,373c3789770aec360609f5c24c825520,pop8010604959,NotExists
73,373c3789770aec360609f5c24c825520,pop8010600136,NotExists
73,373c3789770aec360609f5c24c825520,pop8010600120,NotExists
73,373c3789770aec360609f5c24c825520,pop8010600128,NotExists
73,373c3789770aec360609f5c24c825520,pop8010600120,NotExists
73,373c3789770aec360609f5c24c825520,pop8010600118,NotExists
73,373c3789770aec360609f5c24c825520,pop8010600127,NotExists
73,373c3789770aec360609f5c24c825520,pop8010600136,NotExists
73,373c3789770aec360609f5c24c825520,pop8010600074,NotExists
73,373c3789770aec360609f5c24c825520,pop8010600068,NotExists
73,373c3789770aec360609f5c24c825520,pop8010600126,NotExists
73,373c3789770aec360609f5c24c825520,pop8010600126,NotExists
73,373c3789770aec360609f5c24c825520,pop8010600126,NotExists
73,373c3789770aec360609f5c24c825520,pop8010600126,NotExists
73,373c3789770aec360609f5c24c825520,pop8010600126,NotExists
73,373c3789770aec360609f5c24c825520,pop8010600127,NotExists
73,373c3789770aec360609f5c24c825520,pop8009830153,NotExists
73,373c3789770aec360609f5c24c825520,pop8009830153,NotExists
74,8c2a03adca1b134afe5024ab726df354,pop8007015678,NotExists
74,8c2a03adca1b134afe5024ab726df354,pop8005037992,NotExists
75,ea610eff804bb13bc4515ce82bd8da89,pop8010683042,NotExists
76,bcfe091fe3c908a2116a2ec940232fb9,pop8006544699,NotExists
76,bcfe091fe3c908a2116a2ec940232fb9,pop8010610659,NotExists
76,bcfe091fe3c908a2116a2ec940232fb9,pop8010610659,NotExists
77,0364ff8bf4abf0b3ea9a72c4eb35fe78,1130549287,NotExists
78,8ac8d27c1b060ad5a3822d670fd06bd9,pop8009275321,NotExists
78,8ac8d27c1b060ad5a3822d670fd06bd9,pop8009781525,NotExists
78,8ac8d27c1b060ad5a3822d670fd06bd9,pop8009781525,NotExists
78,8ac8d27c1b060ad5a3822d670fd06bd9,pop8008326601,NotExists
79,a90a792c95a2c30f179c33bca9b2a086,pop8010572329,NotExists
79,a90a792c95a2c30f179c33bca9b2a086,pop8010462394,NotExists
79,a90a792c95a2c30f179c33bca9b2a086,pop8010678428,NotExists
79,a90a792c95a2c30f179c33bca9b2a086,pop8010601486,NotExists
79,a90a792c95a2c30f179c33bca9b2a086,pop8010681605,NotExists
80,39b6175cebf06783343042f7b9da3df2,pop8010644441,NotExists
81,3e3a91e7839ec7b9e11777b1bdc41f76,pop8006906192,NotExists
82,278045380103e9934114064d03fda159,1123230704,NotExists
82,278045380103e9934114064d03fda159,1123260397,NotExists
82,278045380103e9934114064d03fda159,1123230704,NotExists
82,278045380103e9934114064d03fda159,1123260178,NotExists
82,278045380103e9934114064d03fda159,1123260397,NotExists
83,95d2040e7db09c2303901b926cd53374,pop8009909267,NotExists
84,afe175c7facf456b5ec80cfcf9cb6e4c,pop8010608537,NotExists
84,afe175c7facf456b5ec80cfcf9cb6e4c,pop8010608537,NotExists
84,afe175c7facf456b5ec80cfcf9cb6e4c,pop8010608537,NotExists
84,afe175c7facf456b5ec80cfcf9cb6e4c,pop8010608537,NotExists
85,f57b9b8922a943f3e866f5e43f41e99f,pop8003883982,NotExists
86,e31760163b504d8364ce8c3f7d8d848f,1130051654,NotExists
86,e31760163b504d8364ce8c3f7d8d848f,1130051655,NotExists
86,e31760163b504d8364ce8c3f7d8d848f,1130051654,NotExists
86,e31760163b504d8364ce8c3f7d8d848f,1130051655,NotExists
86,e31760163b504d8364ce8c3f7d8d848f,1130051654,NotExists
87,3148b0b390811c2eb170ee270d3ba9f8,pop8004459103,NotExists
88,752c7702673782b97778dd67428a4750,pop8007247483,NotExists
88,752c7702673782b97778dd67428a4750,pop8010269162,NotExists
89,4437a60d2b7836677c8ebfd104006243,pop8010593123,NotExists
89,4437a60d2b7836677c8ebfd104006243,pop8010593131,NotExists
89,4437a60d2b7836677c8ebfd104006243,pop8010593131,NotExists
89,4437a60d2b7836677c8ebfd104006243,1130548142,NotExists
90,e7119db515e1bbe8e71e4c5b1fdb58fd,pop8001306055,NotExists
91,18c924a32e154c9cc71445be6ef8303b,pop8002420775,NotExists
92,289508c858b949d6734ecb5f644d7b84,pop8010593618,NotExists
93,53c3c2e739ca7220ddb59a220db16944,pop8006906192,NotExists
94,aa5481a437196218e824f2f6c353b26e,pop8010644435,NotExists
95,af8980accf4117b86e5aede6457bbc41,pop8001402795,NotExists
96,5c948835ec002cd817698cc465af65fb,pop8002585790,NotExists
97,d9d8d46d5467db5bcfd1e526bff6d2c6,1123502715,NotExists
97,d9d8d46d5467db5bcfd1e526bff6d2c6,1123502715,NotExists
97,d9d8d46d5467db5bcfd1e526bff6d2c6,1123502715,NotExists
97,d9d8d46d5467db5bcfd1e526bff6d2c6,pop8008607412,NotExists
97,d9d8d46d5467db5bcfd1e526bff6d2c6,pop8008607412,NotExists
98,1a6306918b9596c147f59a12ff15f006,pop8010129334,NotExists
98,1a6306918b9596c147f59a12ff15f006,pop8010232706,NotExists
99,89ba3891c31214adb99370a5e5bfcce7,pop8009257711,NotExists
100,29e3532387f9490562d791b4cf2d3d9a,pop8010691219,NotExists
100,29e3532387f9490562d791b4cf2d3d9a,pop8010550332,NotExists
100,29e3532387f9490562d791b4cf2d3d9a,pop8010557274,NotExists
100,29e3532387f9490562d791b4cf2d3d9a,pop8010557153,NotExists
100,29e3532387f9490562d791b4cf2d3d9a,pop8010608267,NotExists
100,29e3532387f9490562d791b4cf2d3d9a,pop8010550332,NotExists
100,29e3532387f9490562d791b4cf2d3d9a,pop8010557274,NotExists
100,29e3532387f9490562d791b4cf2d3d9a,pop8010557153,NotExists
100,29e3532387f9490562d791b4cf2d3d9a,pop8010557138,NotExists
100,29e3532387f9490562d791b4cf2d3d9a,pop8010557148,NotExists
100,29e3532387f9490562d791b4cf2d3d9a,pop8010557153,NotExists
100,29e3532387f9490562d791b4cf2d3d9a,pop8010702818,NotExists
100,29e3532387f9490562d791b4cf2d3d9a,pop8010691005,NotExists
100,29e3532387f9490562d791b4cf2d3d9a,pop8010557591,NotExists
100,29e3532387f9490562d791b4cf2d3d9a,pop8010557586,NotExists
100,29e3532387f9490562d791b4cf2d3d9a,pop8010550332,NotExists
100,29e3532387f9490562d791b4cf2d3d9a,pop8010550331,NotExists
100,29e3532387f9490562d791b4cf2d3d9a,pop8010557153,NotExists
100,29e3532387f9490562d791b4cf2d3d9a,pop8010550331,NotExists
100,29e3532387f9490562d791b4cf2d3d9a,pop8010557586,NotExists
100,29e3532387f9490562d791b4cf2d3d9a,pop8010557180,NotExists
100,29e3532387f9490562d791b4cf2d3d9a,pop8010557190,NotExists
100,29e3532387f9490562d791b4cf2d3d9a,pop8009188162,NotExists
100,29e3532387f9490562d791b4cf2d3d9a,pop8010557192,NotExists
100,29e3532387f9490562d791b4cf2d3d9a,pop8010557591,NotExists
100,29e3532387f9490562d791b4cf2d3d9a,pop8010557576,NotExists
100,29e3532387f9490562d791b4cf2d3d9a,pop8010557586,NotExists
100,29e3532387f9490562d791b4cf2d3d9a,pop8010557591,NotExists
100,29e3532387f9490562d791b4cf2d3d9a,pop8010557586,NotExists
100,29e3532387f9490562d791b4cf2d3d9a,pop8010557194,NotExists
100,29e3532387f9490562d791b4cf2d3d9a,pop8010557591,NotExists
100,29e3532387f9490562d791b4cf2d3d9a,pop8010557586,NotExists
100,29e3532387f9490562d791b4cf2d3d9a,pop8010557591,NotExists
100,29e3532387f9490562d791b4cf2d3d9a,pop8010557586,NotExists
100,29e3532387f9490562d791b4cf2d3d9a,pop8010557153,NotExists
100,29e3532387f9490562d791b4cf2d3d9a,pop8010691227,NotExists
100,29e3532387f9490562d791b4cf2d3d9a,pop8010691227,NotExists
100,29e3532387f9490562d791b4cf2d3d9a,pop8010550332,NotExists
100,29e3532387f9490562d791b4cf2d3d9a,pop8010557703,NotExists
100,29e3532387f9490562d791b4cf2d3d9a,pop8010550177,NotExists
100,29e3532387f9490562d791b4cf2d3d9a,pop8010557479,NotExists
100,29e3532387f9490562d791b4cf2d3d9a,pop8010557959,NotExists
100,29e3532387f9490562d791b4cf2d3d9a,pop8010557274,NotExists
100,29e3532387f9490562d791b4cf2d3d9a,pop8010557153,NotExists
100,29e3532387f9490562d791b4cf2d3d9a,pop8010557180,NotExists
101,77357da35390abd3e14fa032973d1382,pop8010619887,NotExists
101,77357da35390abd3e14fa032973d1382,pop8010127469,NotExists
102,5b935f7d46c8dec4fcb3ec7b73a09c64,pop8009151515,NotExists
102,5b935f7d46c8dec4fcb3ec7b73a09c64,pop8007674029,NotExists
103,12b430c7325277ad956e49b9ea994e50,1123320185,NotExists
103,12b430c7325277ad956e49b9ea994e50,1123320185,NotExists
104,dd42b0b8c0f1fd03b4b74dc53fc8e65f,pop8008553475,NotExists
105,38b127e8b006456e25682bb6af38b329,1117880039,NotExists
106,70301bf058db8e02b9e69dab5b1093c3,1130006036,NotExists
106,70301bf058db8e02b9e69dab5b1093c3,1130006036,NotExists
106,70301bf058db8e02b9e69dab5b1093c3,1130006036,NotExists
106,70301bf058db8e02b9e69dab5b1093c3,1130007862,NotExists
107,2bf2a48eadc9bb27331958577822d9c3,pop8010515479,NotExists
107,2bf2a48eadc9bb27331958577822d9c3,pop8010479629,NotExists
107,2bf2a48eadc9bb27331958577822d9c3,pop8010598754,NotExists
107,2bf2a48eadc9bb27331958577822d9c3,pop8010479629,NotExists
107,2bf2a48eadc9bb27331958577822d9c3,pop8010598754,NotExists
107,2bf2a48eadc9bb27331958577822d9c3,pop8010479629,NotExists
108,824d7b2196458983e04f219b52a3f94a,1130542649,NotExists
109,f27fa7345927bd3e195784aaf81c5df1,1123342419,NotExists
109,f27fa7345927bd3e195784aaf81c5df1,1123342419,NotExists
109,f27fa7345927bd3e195784aaf81c5df1,1123342419,NotExists
109,f27fa7345927bd3e195784aaf81c5df1,1123342419,NotExists
110,86d1b33a8c53630bb6c199b7e2c55290,pop8003670793,NotExists
110,86d1b33a8c53630bb6c199b7e2c55290,pop8003670793,NotExists
110,86d1b33a8c53630bb6c199b7e2c55290,pop8003670793,NotExists
110,86d1b33a8c53630bb6c199b7e2c55290,pop8003670793,NotExists
110,86d1b33a8c53630bb6c199b7e2c55290,pop8003670793,NotExists
110,86d1b33a8c53630bb6c199b7e2c55290,pop8003670793,NotExists
111,c4f96c892601de4f881ac780b88a904e,1130548143,NotExists
111,c4f96c892601de4f881ac780b88a904e,1130548147,NotExists
111,c4f96c892601de4f881ac780b88a904e,1130548147,NotExists
111,c4f96c892601de4f881ac780b88a904e,1130548147,NotExists
111,c4f96c892601de4f881ac780b88a904e,pop8010588648,NotExists
111,c4f96c892601de4f881ac780b88a904e,pop8010588652,NotExists
111,c4f96c892601de4f881ac780b88a904e,pop8010600750,NotExists
111,c4f96c892601de4f881ac780b88a904e,pop8010600751,NotExists
111,c4f96c892601de4f881ac780b88a904e,pop8010578072,NotExists
111,c4f96c892601de4f881ac780b88a904e,pop8010578076,NotExists
111,c4f96c892601de4f881ac780b88a904e,pop8010593122,NotExists
111,c4f96c892601de4f881ac780b88a904e,pop8010593123,NotExists
111,c4f96c892601de4f881ac780b88a904e,pop8010593135,NotExists
111,c4f96c892601de4f881ac780b88a904e,1130548146,NotExists
111,c4f96c892601de4f881ac780b88a904e,1130548147,NotExists
112,0600aff6e8192c8dc5c1d5b71a0b6904,pop8010587462,NotExists
113,27dc7ab16b8237effbb14ab147e0fd6f,pop8001937811,NotExists
114,4a1058c72d9512df98b081dfb0d80a62,pop8003996576,NotExists
114,4a1058c72d9512df98b081dfb0d80a62,pop8003996576,NotExists
114,4a1058c72d9512df98b081dfb0d80a62,pop8003996621,NotExists
114,4a1058c72d9512df98b081dfb0d80a62,pop8003996576,NotExists
115,6e9697a095f049955239a48d12d993e2,pop8010627180,NotExists
115,6e9697a095f049955239a48d12d993e2,pop8010629525,NotExists
116,b344f376ae59108e3a5a86e058c53db4,1130016117,NotExists
117,9a512df29e2429437e2c66004f770024,pop8010476263,NotExists
118,65ef77d564707dc9d5f752f139681373,tz10000862,NotExists
119,6e487b0d393ac916882975dcac781dd1,pop8010701291,NotExists
120,ccfe2e4e44e3ce72f13a1bf4fabd9c34,pop8002138131,NotExists
121,47a056734ded160452b52ba404e199fd,pop8009562671,NotExists
122,aa40e44731558a693ceb2d2b42548e71,pop8005218608,NotExists
122,aa40e44731558a693ceb2d2b42548e71,pop8009327866,NotExists
122,aa40e44731558a693ceb2d2b42548e71,pop8010279816,NotExists
123,dbf4bbec99a9dacc88cbc810134047b4,pop8006228197,NotExists
123,dbf4bbec99a9dacc88cbc810134047b4,pop8006228197,NotExists
123,dbf4bbec99a9dacc88cbc810134047b4,pop8006228197,NotExists
123,dbf4bbec99a9dacc88cbc810134047b4,1123050754,NotExists
123,dbf4bbec99a9dacc88cbc810134047b4,1123050754,NotExists
123,dbf4bbec99a9dacc88cbc810134047b4,pop8006228265,NotExists
123,dbf4bbec99a9dacc88cbc810134047b4,pop8006228197,NotExists
124,c450f634c3929c1d2f952ef7d8f1f56c,pop8001662772,NotExists
125,6fa02d7491be264cd8b957f64e835258,pop8010150582,NotExists
125,6fa02d7491be264cd8b957f64e835258,pop8010150562,NotExists
126,16ffd0ebc31b133b9661ecaebaf7c809,1123231674,NotExists
127,cf7c7cbd78e65202125fb64f1638ee11,pop8005149015,NotExists
127,cf7c7cbd78e65202125fb64f1638ee11,pop8005148967,NotExists
127,cf7c7cbd78e65202125fb64f1638ee11,pop8005148967,NotExists
128,58d92993b110d5814b74875405cd57d2,1000049108,NotExists
129,6127e59ed178e343798c77710ad5ceaf,pop8002020534,NotExists
130,b596dd0814be1a49cc5a2919b98d575d,pop8010639037,NotExists
131,f61c8d375739acf09894dee88513d102,pop8004602523,NotExists
132,c99db4004f87e4dcae2bd7f4d95f4e7b,pop8006906192,NotExists
133,33c6df5d04e6070a6b5b3209dc1e76bf,pop8010451251,NotExists
134,591c2f1bcf1ff5108f4cf81c791a97db,1000021546,NotExists
134,591c2f1bcf1ff5108f4cf81c791a97db,1000021546,NotExists
134,591c2f1bcf1ff5108f4cf81c791a97db,1000021546,NotExists
135,202f5324031392005d7354198f25a168,1105880462,NotExists
137,ad53d4a9c78e5664fe8f061cf6613d34,pop8005463369,NotExists
138,698fe5f5112831a1de554fef109f92af,pop8009873353,NotExists
139,a368f7028dda06a57e7b48cee3ee4593,1130016961,NotExists
140,2c342e9f3db93241a3754faca44b5d1d,pop8009950100,NotExists
140,2c342e9f3db93241a3754faca44b5d1d,pop8009944593,NotExists
141,cdb43f13db70da7fa166a76137cfc1fc,1130003983,NotExists
142,474c1132ee0c2c94631309b3cb193192,1130029575,NotExists
142,474c1132ee0c2c94631309b3cb193192,1130029574,NotExists
143,6cbfb1717daab7205a30570c1d32e44e,pop8010684794,NotExists
143,6cbfb1717daab7205a30570c1d32e44e,1130051648,NotExists
143,6cbfb1717daab7205a30570c1d32e44e,pop8010684794,NotExists
144,46933814f4331d26635ae4453f23b925,pop8009825917,NotExists
145,f0e336b924c9314aadd2b52a3696e748,pop8010629346,NotExists
146,99a0f63ac8304e2fadf017cac5f4ce0c,pop8010540971,NotExists
146,99a0f63ac8304e2fadf017cac5f4ce0c,pop8010540972,NotExists
146,99a0f63ac8304e2fadf017cac5f4ce0c,pop8010540971,NotExists
146,99a0f63ac8304e2fadf017cac5f4ce0c,pop8010518195,NotExists
146,99a0f63ac8304e2fadf017cac5f4ce0c,pop8010713670,NotExists
147,99a0f63ac8304e2fadf017cac5f4ce0c,pop8010540971,NotExists
147,99a0f63ac8304e2fadf017cac5f4ce0c,pop8010540972,NotExists
147,99a0f63ac8304e2fadf017cac5f4ce0c,pop8010540971,NotExists
147,99a0f63ac8304e2fadf017cac5f4ce0c,pop8010518195,NotExists
147,99a0f63ac8304e2fadf017cac5f4ce0c,pop8010713670,NotExists
148,1f9a1166bc498aadda599dc973e91e41,pop8010601402,NotExists
148,1f9a1166bc498aadda599dc973e91e41,pop8010601037,NotExists
148,1f9a1166bc498aadda599dc973e91e41,pop8010595547,NotExists
149,9cda1818069100cade31e3553b64679a,1000035697,NotExists
150,cff5670e4ec5828500ab9415d443a7cd,pop8009662693,NotExists
151,f1886e0a095da5f19d9a6195e1f2632d,pop8008819249,NotExists
152,99d61621d708bf14fa9e3fed4209739c,1123230823,NotExists
152,99d61621d708bf14fa9e3fed4209739c,1130528631,NotExists
152,99d61621d708bf14fa9e3fed4209739c,pop8009622061,NotExists
152,99d61621d708bf14fa9e3fed4209739c,pop8009622059,NotExists
152,99d61621d708bf14fa9e3fed4209739c,pop8009622063,NotExists
152,99d61621d708bf14fa9e3fed4209739c,pop8009622061,NotExists
152,99d61621d708bf14fa9e3fed4209739c,1130016161,NotExists
152,99d61621d708bf14fa9e3fed4209739c,1130016285,NotExists
152,99d61621d708bf14fa9e3fed4209739c,1130016161,NotExists
153,d890ce7a43481fe0f194372ce0af437d,pop8009709875,NotExists
154,19f465df58e2b0fb66ff83b33f0596ea,pop8004791485,NotExists
155,1783c004732ffe31eb2c1b3d504f7a2d,tz10003642,NotExists
155,1783c004732ffe31eb2c1b3d504f7a2d,pop8005001491,NotExists
156,9c89b401892aa6f8072a04ebfb709c72,pop8007636796,NotExists
156,9c89b401892aa6f8072a04ebfb709c72,pop8007702642,NotExists
157,da8345db3eea5202372cc834467ebdc5,pop8002585103,NotExists
157,da8345db3eea5202372cc834467ebdc5,pop8002585103,NotExists
158,cb8ea54f05da161bb9ec4e249731fee5,1000010918,NotExists
159,58f734b553dd35f27a0bcedab99c59b9,pop8010528208,NotExists
159,58f734b553dd35f27a0bcedab99c59b9,pop8010528208,NotExists
159,58f734b553dd35f27a0bcedab99c59b9,pop8010528208,NotExists
159,58f734b553dd35f27a0bcedab99c59b9,pop8010528208,NotExists
159,58f734b553dd35f27a0bcedab99c59b9,1130548204,NotExists
159,58f734b553dd35f27a0bcedab99c59b9,pop8010504974,NotExists
159,58f734b553dd35f27a0bcedab99c59b9,pop8010705897,NotExists
159,58f734b553dd35f27a0bcedab99c59b9,pop8010707030,NotExists
159,58f734b553dd35f27a0bcedab99c59b9,pop8010707030,NotExists
159,58f734b553dd35f27a0bcedab99c59b9,pop8010707024,NotExists
159,58f734b553dd35f27a0bcedab99c59b9,pop8010707026,NotExists
160,de6f952ac5ac4041222637d3f9f48eed,1123460365,NotExists
161,6742412e26b312763301d77d0f413c3c,1123502201,NotExists
162,ec1795ffe7b9a5077d6e9de86074a471,pop8009636190,NotExists
163,b7466e2bdcb90dff3a125b5314b5b625,pop8009314015,NotExists
164,57f281b5fa5323218ac599ea8eb731ad,pop8007652289,NotExists
165,7f88ed91f74f9f63721abe7985fc7538,1130033710,NotExists
165,7f88ed91f74f9f63721abe7985fc7538,1130034877,NotExists
165,7f88ed91f74f9f63721abe7985fc7538,1130034877,NotExists
165,7f88ed91f74f9f63721abe7985fc7538,1130034878,NotExists
166,7f6c6c4d021e8b54a124489c8bc2bfad,pop8008021060,NotExists
167,2fd86cb95efe75581d920b14acfe6335,pop8006565857,NotExists
168,5657c7662e96eb408aef3fec8c78ea9b,1000041764,NotExists
168,5657c7662e96eb408aef3fec8c78ea9b,1000041781,NotExists
168,5657c7662e96eb408aef3fec8c78ea9b,1000041781,NotExists
168,5657c7662e96eb408aef3fec8c78ea9b,1000041779,NotExists
168,5657c7662e96eb408aef3fec8c78ea9b,1000041781,NotExists
168,5657c7662e96eb408aef3fec8c78ea9b,pop8005419524,NotExists
168,5657c7662e96eb408aef3fec8c78ea9b,pop8009287526,NotExists
168,5657c7662e96eb408aef3fec8c78ea9b,pop8009287526,NotExists
169,5dd13b5cf7c48c7381e7c186acb2920e,pop8009647114,NotExists
170,babe4e0f08bc46ae5ae3714085759a75,pop8010683645,NotExists
170,babe4e0f08bc46ae5ae3714085759a75,pop8010683639,NotExists
171,dcf2bad0113bcd32a01e42ce7b960831,pop8006906192,NotExists
172,8eac8ebbc8b9655b9b0dcc2c12c218ef,pop8010584295,NotExists
173,ef79abda31cf254cc9bb6af93a8b5cf7,pop8006162060,NotExists
174,16a6f1ea04d007ff5e52a659bd091021,pop8010476404,NotExists
174,16a6f1ea04d007ff5e52a659bd091021,pop8010237334,NotExists
174,16a6f1ea04d007ff5e52a659bd091021,pop8010476404,NotExists
174,16a6f1ea04d007ff5e52a659bd091021,pop8010237334,NotExists
174,16a6f1ea04d007ff5e52a659bd091021,pop8010571527,NotExists
175,ef86c55e853bf5c1d63836e62813774a,pop8010698933,NotExists
175,ef86c55e853bf5c1d63836e62813774a,pop8009822126,NotExists
175,ef86c55e853bf5c1d63836e62813774a,pop8009822126,NotExists
175,ef86c55e853bf5c1d63836e62813774a,pop8009175431,NotExists
176,3a002523a104c3358b16c86a836001cd,1121900224,NotExists
177,f1886e0a095da5f19d9a6195e1f2632d,pop8008819249,NotExists
178,af86368d71c278588c4f1ef8cf26c183,1122450763,NotExists
179,790431ca8784ba6202a10b7c195c5939,pop8010697709,NotExists
180,c2f927ef5f7eccd4f44e0e53cdef39e1,pop8004008898,NotExists
180,c2f927ef5f7eccd4f44e0e53cdef39e1,pop8004008898,NotExists
181,ad39969bbfb1f4f587ff2658305d4b21,pop8010189487,NotExists
182,b8aa653f3305c1ff698f996de9897888,pop1933353,NotExists
182,b8aa653f3305c1ff698f996de9897888,pop8010203072,NotExists
182,b8aa653f3305c1ff698f996de9897888,pop8010195651,NotExists
182,b8aa653f3305c1ff698f996de9897888,pop8010195649,NotExists
182,b8aa653f3305c1ff698f996de9897888,pop8010279852,NotExists
183,6eef7ef5e48577a2052078b335a649d4,1123201376,NotExists
183,6eef7ef5e48577a2052078b335a649d4,pop8008633113,NotExists
183,6eef7ef5e48577a2052078b335a649d4,pop8008170659,NotExists
184,3eae38e1571fd5ddd0647b31326a321e,pop8003184026,NotExists
185,65e6170c229e04b07fe5580348f54227,pop8006825603,NotExists
186,f163d0938930491b3e44776ca2827d0b,pop8005001378,NotExists
187,c228b8f8424545487f82641bce7ea512,pop8010308279,NotExists
188,cb8ea54f05da161bb9ec4e249731fee5,1000010918,NotExists
189,cb96439225add0e3da7d65fd5d3b1c37,pop8005183871,NotExists
189,cb96439225add0e3da7d65fd5d3b1c37,pop8008910410,NotExists
189,cb96439225add0e3da7d65fd5d3b1c37,pop8008910410,NotExists
189,cb96439225add0e3da7d65fd5d3b1c37,pop8008920347,NotExists
189,cb96439225add0e3da7d65fd5d3b1c37,pop8009644296,NotExists
189,cb96439225add0e3da7d65fd5d3b1c37,pop8005429706,NotExists
190,a861461ac48e3893a3acf47b03d70a5d,pop8010303851,NotExists
191,9fcf916b735910671d2bc21cef44666c,1113080252,NotExists
192,30e7fd63d08cc7399a32b8801cc60d6e,pop8004797029,NotExists
192,30e7fd63d08cc7399a32b8801cc60d6e,pop8004931308,NotExists
192,30e7fd63d08cc7399a32b8801cc60d6e,pop8003861720,NotExists
192,30e7fd63d08cc7399a32b8801cc60d6e,pop8003861720,NotExists
193,d2167f37ddc82faa564de9111b568f57,pop8003177640,NotExists
193,d2167f37ddc82faa564de9111b568f57,1130039129,NotExists
193,d2167f37ddc82faa564de9111b568f57,1130039129,NotExists
193,d2167f37ddc82faa564de9111b568f57,1130039129,NotExists
193,d2167f37ddc82faa564de9111b568f57,1130039129,NotExists
193,d2167f37ddc82faa564de9111b568f57,pop8010697405,NotExists
194,e7059f3c9b09cf03e390e00a0be23da8,pop8001886612,NotExists
194,e7059f3c9b09cf03e390e00a0be23da8,pop8001886612,NotExists
194,e7059f3c9b09cf03e390e00a0be23da8,pop8001886612,NotExists
194,e7059f3c9b09cf03e390e00a0be23da8,pop8001886612,NotExists
195,c2ba3b55d92ffec9052b175a432b9256,pop8009927508,NotExists
196,9076bf1efc83e80bd928e7ba084db9a0,pop8010698128,NotExists
197,da41f0b2698ece65915e60cd7cf9ff69,1121710014,NotExists
198,e569b261ab63e942ec78fed738a2c6a1,1123520125,NotExists
199,db233a6a98cc7b3324e6327c798e37d3,pop8006906192,NotExists
200,973c54380ce6aed5374bb44cd2a8adad,1130011205,NotExists
200,973c54380ce6aed5374bb44cd2a8adad,1130011205,NotExists
200,973c54380ce6aed5374bb44cd2a8adad,1130011205,NotExists
201,5fd58e72ebe98c55e968b24e30bfe0b5,pop8006694690,NotExists
202,881f4f0f08790ccc3907521a68d039e3,pop8010651048,NotExists
203,14714acef20a6f66fdb36ff225d32fd6,pop8009360664,NotExists
203,14714acef20a6f66fdb36ff225d32fd6,pop8009360664,NotExists
203,14714acef20a6f66fdb36ff225d32fd6,pop8009360664,NotExists
203,14714acef20a6f66fdb36ff225d32fd6,pop8009360664,NotExists
204,da9cfa95fdb040d7cec6ab35e95931af,1123040545,NotExists
205,9a9a5364d4c6d7dc6c5d85a5f70246b5,pop8003741564,NotExists
205,9a9a5364d4c6d7dc6c5d85a5f70246b5,pop8003741565,NotExists
206,f63ae3dd8ddb23578eab85c163d33453,pop8010694773,NotExists
207,0fa5f0b866895e5079e05343d06ddd58,pop8006906192,NotExists
208,65a656578e3406d87b9ae35d6768f037,1130002053,NotExists
209,98538435aefc3886db9760d67d54886d,pop8005951213,NotExists
210,304e45efc5fbfbc31dc1986e6bb82893,pop8006087275,NotExists
210,304e45efc5fbfbc31dc1986e6bb82893,pop8006087269,NotExists
210,304e45efc5fbfbc31dc1986e6bb82893,pop8006087269,NotExists
210,304e45efc5fbfbc31dc1986e6bb82893,pop8006087269,NotExists
211,cb96439225add0e3da7d65fd5d3b1c37,pop8005183871,NotExists
211,cb96439225add0e3da7d65fd5d3b1c37,pop8008910410,NotExists
211,cb96439225add0e3da7d65fd5d3b1c37,pop8008910410,NotExists
211,cb96439225add0e3da7d65fd5d3b1c37,pop8008920347,NotExists
211,cb96439225add0e3da7d65fd5d3b1c37,pop8009644296,NotExists
211,cb96439225add0e3da7d65fd5d3b1c37,pop8005429706,NotExists
212,33f61281796db5e6a3db21a0bb5e5172,pop8010673740,NotExists
212,33f61281796db5e6a3db21a0bb5e5172,pop8009660010,NotExists
213,aaed30a20e5dcf1527653ca3f202b591,pop8003290769,NotExists
214,b9347e8f19a783ce02a6292586fc35c4,pop8002355720,NotExists
215,04fa08ecbcb6547a39410859a943b709,1115920033,NotExists
216,ecff0a57c36070748067df1d29c38e37,1130051654,NotExists
216,ecff0a57c36070748067df1d29c38e37,1130051655,NotExists
216,ecff0a57c36070748067df1d29c38e37,1130051657,NotExists
217,ba46f3c1ae5e8c8f6494a6ca22d87f97,pop8002531220,NotExists
218,eb9770df0a88fa889adb71776c9d95e0,1123460016,NotExists
218,eb9770df0a88fa889adb71776c9d95e0,1123460016,NotExists
219,82ccf2245639196ec227c341cc5be621,pop8006906192,NotExists
220,46b86e2b3c733dc663bbd6a05fa9559c,pop8008383778,NotExists
221,7c4aef8a43fe191a7293bfab996e2232,pop8010593610,NotExists
222,665c7a425622f0bb1addb0247697a49d,pop8007804140,NotExists
222,665c7a425622f0bb1addb0247697a49d,pop8007804140,NotExists
222,665c7a425622f0bb1addb0247697a49d,pop8007804132,NotExists
222,665c7a425622f0bb1addb0247697a49d,pop8007804140,NotExists
222,665c7a425622f0bb1addb0247697a49d,pop8007804131,NotExists
222,665c7a425622f0bb1addb0247697a49d,pop8007804130,NotExists
222,665c7a425622f0bb1addb0247697a49d,pop8007804140,NotExists
223,2474bb9c0a9887db4be17f0a63a84f44,pop8009337833,NotExists
224,6192791a962211b6588caa95136bd580,pop8005006479,NotExists
225,44bee8d3ed34495a3d4e4fa8a2ae9355,pop8010684821,NotExists
226,a5ede6d1ddffd53f07cfd7402a6f43b3,pop8001146757,NotExists
227,6111ad13ca24964da0013e4fa271bd16,pop8010185359,NotExists
228,d9132bb7d83c10fa0efbc8ef698b8ff9,1107030030,NotExists
229,dfaa773ad469557b33126d2365de0f92,pop8010260689,NotExists
230,5a789ba99f138d62d45620abfc8fabdf,pop8005347305,NotExists
231,b0f775573104433fecebf8df44252370,pop8000369062,NotExists
231,b0f775573104433fecebf8df44252370,pop8000369062,NotExists
232,9b32d4657a2ae57639fbc826969d81fb,pop8009917960,NotExists
234,d2d0d7e65d737d0bdd908d22558047cd,1123130607,NotExists
235,3494fb1af55702043ea3210bdc27641c,pop8004117225,NotExists
236,a08effa97071b9a7e02bae0c0d04548b,N8000249124,NotExists
236,a08effa97071b9a7e02bae0c0d04548b,N8000249124,NotExists
236,a08effa97071b9a7e02bae0c0d04548b,N8000249124,NotExists
237,12a74713541449b12c94b570a7be2c2f,pop8009756148,NotExists
238,5b907ba00c1049e12756a1813a842bbe,N8000067983,NotExists
239,5b907ba00c1049e12756a1813a842bbe,N8000067983,NotExists
240,3cb6842e112eedd1dba9e7ccf06f4e8c,pop8010654544,NotExists
240,3cb6842e112eedd1dba9e7ccf06f4e8c,pop8010654554,NotExists
240,3cb6842e112eedd1dba9e7ccf06f4e8c,pop8010654557,NotExists
240,3cb6842e112eedd1dba9e7ccf06f4e8c,pop8010652731,NotExists
240,3cb6842e112eedd1dba9e7ccf06f4e8c,pop8010652730,NotExists
240,3cb6842e112eedd1dba9e7ccf06f4e8c,pop8010652729,NotExists
240,3cb6842e112eedd1dba9e7ccf06f4e8c,pop8010652728,NotExists
240,3cb6842e112eedd1dba9e7ccf06f4e8c,pop8010652730,NotExists
240,3cb6842e112eedd1dba9e7ccf06f4e8c,pop8010652731,NotExists
240,3cb6842e112eedd1dba9e7ccf06f4e8c,pop8010652730,NotExists
240,3cb6842e112eedd1dba9e7ccf06f4e8c,pop8010652729,NotExists
240,3cb6842e112eedd1dba9e7ccf06f4e8c,pop8010652728,NotExists
240,3cb6842e112eedd1dba9e7ccf06f4e8c,pop8010627077,NotExists
240,3cb6842e112eedd1dba9e7ccf06f4e8c,pop8010627080,NotExists
240,3cb6842e112eedd1dba9e7ccf06f4e8c,pop8010607410,NotExists
240,3cb6842e112eedd1dba9e7ccf06f4e8c,pop8010607411,NotExists
240,3cb6842e112eedd1dba9e7ccf06f4e8c,1130019249,NotExists
241,1d3ed1d56d78dc95114aa8a39921ff17,pop8009054417,NotExists
241,1d3ed1d56d78dc95114aa8a39921ff17,pop8009054415,NotExists
242,7d8c3b0865a1f929794508ca42d8c06d,pop8009044771,NotExists
242,7d8c3b0865a1f929794508ca42d8c06d,pop8010669045,NotExists
242,7d8c3b0865a1f929794508ca42d8c06d,pop8010712424,NotExists
242,7d8c3b0865a1f929794508ca42d8c06d,pop8010712425,NotExists
242,7d8c3b0865a1f929794508ca42d8c06d,pop8010712424,NotExists
242,7d8c3b0865a1f929794508ca42d8c06d,pop8010669045,NotExists
242,7d8c3b0865a1f929794508ca42d8c06d,pop8004918199,NotExists
242,7d8c3b0865a1f929794508ca42d8c06d,pop8010235301,NotExists
242,7d8c3b0865a1f929794508ca42d8c06d,pop8010310520,NotExists
242,7d8c3b0865a1f929794508ca42d8c06d,pop8010712425,NotExists
242,7d8c3b0865a1f929794508ca42d8c06d,pop8010712424,NotExists
242,7d8c3b0865a1f929794508ca42d8c06d,pop8010712424,NotExists
242,7d8c3b0865a1f929794508ca42d8c06d,pop8010712425,NotExists
242,7d8c3b0865a1f929794508ca42d8c06d,pop8008310082,NotExists
242,7d8c3b0865a1f929794508ca42d8c06d,pop8006362973,NotExists
242,7d8c3b0865a1f929794508ca42d8c06d,pop8008310082,NotExists
242,7d8c3b0865a1f929794508ca42d8c06d,pop8008310082,NotExists
242,7d8c3b0865a1f929794508ca42d8c06d,pop8008310082,NotExists
242,7d8c3b0865a1f929794508ca42d8c06d,pop8008310082,NotExists
242,7d8c3b0865a1f929794508ca42d8c06d,pop8010669045,NotExists
242,7d8c3b0865a1f929794508ca42d8c06d,pop8006362973,NotExists
242,7d8c3b0865a1f929794508ca42d8c06d,pop8008310082,NotExists
243,1f84fc0b5da0d05fe314feaaf330ab8d,pop8003217828,NotExists
244,97068d6ea43a0bcf32b1cb2733e48770,pop8008887370,NotExists
245,d200b63e07e684ce4ed8e126ea75edf4,pop8010474182,NotExists
246,42ff8985a10dcd97de8cfd782fca5483,pop8004653857,NotExists
247,a619712575c58622eee1245bf785e593,pop8010706003,NotExists
247,a619712575c58622eee1245bf785e593,pop8010490522,NotExists
247,a619712575c58622eee1245bf785e593,pop8010490431,NotExists
247,a619712575c58622eee1245bf785e593,pop8009583667,NotExists
247,a619712575c58622eee1245bf785e593,pop8010666705,NotExists
248,52055445c5d21a8083f255e0eca3eb99,pop8005877625,NotExists
248,52055445c5d21a8083f255e0eca3eb99,pop8003445094,NotExists
249,e032cb586f5306e43e61a22fd14d604c,pop8005760037,NotExists
250,20638d8437e1a6a585804e64ae7c2f38,1130048920,NotExists
251,6d0e341383e1f407cef8af38fdba1a63,pop8002261318,NotExists
252,2f0cbe0367df45899dea1e2804456135,pop8008294323,NotExists
252,2f0cbe0367df45899dea1e2804456135,pop8008294323,NotExists
252,2f0cbe0367df45899dea1e2804456135,pop8008294323,NotExists
252,2f0cbe0367df45899dea1e2804456135,pop8008294323,NotExists
253,6e1197f305d61d03728a0c5577201a91,pop8010652729,NotExists
254,0085d2ee7095a3c03d0e1de8d6400b5a,pop8004029027,NotExists
254,0085d2ee7095a3c03d0e1de8d6400b5a,pop8004029023,NotExists
254,0085d2ee7095a3c03d0e1de8d6400b5a,pop8004029031,NotExists
254,0085d2ee7095a3c03d0e1de8d6400b5a,pop8004029030,NotExists
254,0085d2ee7095a3c03d0e1de8d6400b5a,pop8004029027,NotExists
254,0085d2ee7095a3c03d0e1de8d6400b5a,pop8004029028,NotExists
255,073877a68789f877b52056128477f564,pop8008808807,NotExists
256,8830971d7d392690819fcc1222d50ef9,pop8010509083,NotExists
256,8830971d7d392690819fcc1222d50ef9,pop8010509085,NotExists
257,0fa5f0b866895e5079e05343d06ddd58,pop8006906192,NotExists
258,8e0fb8008a2cf5a4a667680849691991,pop8009996596,NotExists
258,8e0fb8008a2cf5a4a667680849691991,1130017579,NotExists
258,8e0fb8008a2cf5a4a667680849691991,1123501483,NotExists
258,8e0fb8008a2cf5a4a667680849691991,pop8009923234,NotExists
258,8e0fb8008a2cf5a4a667680849691991,pop8009887593,NotExists
259,a2ab691b9e3175b535b59159dcc66372,1130540908,NotExists
259,a2ab691b9e3175b535b59159dcc66372,1130022666,NotExists
259,a2ab691b9e3175b535b59159dcc66372,1130026121,NotExists
259,a2ab691b9e3175b535b59159dcc66372,1130022549,NotExists
259,a2ab691b9e3175b535b59159dcc66372,1130022666,NotExists
260,0179a4dccb9d74bda336269ac23c0cfa,pop8009560855,NotExists
260,0179a4dccb9d74bda336269ac23c0cfa,1130008991,NotExists
260,0179a4dccb9d74bda336269ac23c0cfa,1130009939,NotExists
260,0179a4dccb9d74bda336269ac23c0cfa,1130008820,NotExists
260,0179a4dccb9d74bda336269ac23c0cfa,1130008820,NotExists
260,0179a4dccb9d74bda336269ac23c0cfa,1130009939,NotExists
260,0179a4dccb9d74bda336269ac23c0cfa,1130009939,NotExists
260,0179a4dccb9d74bda336269ac23c0cfa,pop8009560840,NotExists
260,0179a4dccb9d74bda336269ac23c0cfa,1130008991,NotExists
262,31912d30949a9441dedd44aeeee8e16a,pop8010074975,NotExists
262,31912d30949a9441dedd44aeeee8e16a,pop8010074980,NotExists
262,31912d30949a9441dedd44aeeee8e16a,pop8010080175,NotExists
263,346163e3f4c7f9e3113dcac5b70655fe,pop8004624063,NotExists
264,6d0edc475ba8ac43ae91a6f7d1c986e4,pop8004133120,NotExists
265,cc5765a00846429ccdf7d983db9cfb6c,1123502182,NotExists
265,cc5765a00846429ccdf7d983db9cfb6c,1123502184,NotExists
266,cdb46ae192e94f3f2e60895773b515f0,pop8010248204,NotExists
266,cdb46ae192e94f3f2e60895773b515f0,pop8010248239,NotExists
266,cdb46ae192e94f3f2e60895773b515f0,pop8010248209,NotExists
266,cdb46ae192e94f3f2e60895773b515f0,pop8010248220,NotExists
266,cdb46ae192e94f3f2e60895773b515f0,pop8010248238,NotExists
266,cdb46ae192e94f3f2e60895773b515f0,pop8010248240,NotExists
266,cdb46ae192e94f3f2e60895773b515f0,pop8010248209,NotExists
266,cdb46ae192e94f3f2e60895773b515f0,pop8010248210,NotExists
266,cdb46ae192e94f3f2e60895773b515f0,pop8010248226,NotExists
266,cdb46ae192e94f3f2e60895773b515f0,pop8010248226,NotExists
267,f56695a0d0018115b37b29524b34f50f,pop8010401454,NotExists
268,3ea54effe3dd949dcf746c187f5c454c,pop8002493572,NotExists
269,379dc1b5f5db8801d0e415060028f846,1130007244,NotExists
269,379dc1b5f5db8801d0e415060028f846,1130007244,NotExists
269,379dc1b5f5db8801d0e415060028f846,1130007887,NotExists
269,379dc1b5f5db8801d0e415060028f846,1122410826,NotExists
270,3a83f7ec826773067183eaaa3678c016,1130005443,NotExists
271,3df3eb71482b24cb8adc6220c671ed5d,pop8008024501,NotExists
271,3df3eb71482b24cb8adc6220c671ed5d,pop8008024501,NotExists
271,3df3eb71482b24cb8adc6220c671ed5d,pop8008024502,NotExists
271,3df3eb71482b24cb8adc6220c671ed5d,pop8008024502,NotExists
272,f1fd766e24e03604ffab3d36d4b790c8,1130006117,NotExists
273,04f45301d07bd2d31280757ef11e770e,pop8010629346,NotExists
273,04f45301d07bd2d31280757ef11e770e,pop8010627180,NotExists
273,04f45301d07bd2d31280757ef11e770e,pop8010629525,NotExists
273,04f45301d07bd2d31280757ef11e770e,pop8010627169,NotExists
274,139f8915df8e6e510ed2281315abb501,pop8005610310,NotExists
275,0f7f32bf40fa4cdeb35e734d27052351,pop8007812969,NotExists
276,775a2ca38a75268e87f2d87c60209441,pop8010610659,NotExists
277,8cd9edc823dea26d7f53fa96dc18375a,1112490318,NotExists
277,8cd9edc823dea26d7f53fa96dc18375a,pop8010377656,NotExists
277,8cd9edc823dea26d7f53fa96dc18375a,pop8010537891,NotExists
277,8cd9edc823dea26d7f53fa96dc18375a,pop8009083747,pop8010377656,NotExists
277,8cd9edc823dea26d7f53fa96dc18375a,pop8010377656,NotExists
277,8cd9edc823dea26d7f53fa96dc18375a,pop8009083747,NotExists
277,8cd9edc823dea26d7f53fa96dc18375a,1123240383,1122910231,pop8009083747,pop8010377656,pop8008080807,pop8007733411,pop8004601520,pop8005429841,pop8006011872,NotExists
277,8cd9edc823dea26d7f53fa96dc18375a,pop8010641599,NotExists
277,8cd9edc823dea26d7f53fa96dc18375a,pop8010669925,NotExists
278,79927c74edcf37cf72a106bd6149fe4e,pop8005660405,NotExists
278,79927c74edcf37cf72a106bd6149fe4e,pop8005621574,NotExists
279,a7edb0362ba00128c555c0c0d9935901,pop8010371178,NotExists
280,0d5f316d7dcc6470f02a84b88d7690f7,1130549287,NotExists
280,0d5f316d7dcc6470f02a84b88d7690f7,1130549287,NotExists
280,0d5f316d7dcc6470f02a84b88d7690f7,1130549287,NotExists
280,0d5f316d7dcc6470f02a84b88d7690f7,1130549287,NotExists
280,0d5f316d7dcc6470f02a84b88d7690f7,1130549287,NotExists
280,0d5f316d7dcc6470f02a84b88d7690f7,1130549287,NotExists
280,0d5f316d7dcc6470f02a84b88d7690f7,1130549287,NotExists
280,0d5f316d7dcc6470f02a84b88d7690f7,1130549287,NotExists
280,0d5f316d7dcc6470f02a84b88d7690f7,1130549287,NotExists
280,0d5f316d7dcc6470f02a84b88d7690f7,1130549287,NotExists
280,0d5f316d7dcc6470f02a84b88d7690f7,1130549287,NotExists
280,0d5f316d7dcc6470f02a84b88d7690f7,1130549287,NotExists
280,0d5f316d7dcc6470f02a84b88d7690f7,1130549287,NotExists
280,0d5f316d7dcc6470f02a84b88d7690f7,1130549287,NotExists
281,f6ef8f85351edcef0c96e379b88fb545,N8000001328,NotExists
282,4dc5f7f146babf635ee2f1b6e830aec2,pop8003578278,NotExists
283,3b4de073d6075ab857051cb5700f0910,pop8007407064,NotExists
283,3b4de073d6075ab857051cb5700f0910,pop8007407066,NotExists
283,3b4de073d6075ab857051cb5700f0910,pop8007407067,NotExists
283,3b4de073d6075ab857051cb5700f0910,pop8007407066,NotExists
284,b8c7908c621873f910762cd5a306f064,pop8003915736,NotExists
285,d5594e71589c14dfb51fc56ebff725bb,pop8010509083,NotExists
285,d5594e71589c14dfb51fc56ebff725bb,pop8010509083,NotExists
286,c9ddec07d09aa8e98dc4ad0080881362,pop8003029942,NotExists
287,59fcfb0963dad3cfa8ec5d9a94c9a461,1130051654,NotExists
288,57601c0032b47c7e71babee46e844759,pop8010388786,NotExists
288,57601c0032b47c7e71babee46e844759,pop8010658899,NotExists
288,57601c0032b47c7e71babee46e844759,pop8010530772,NotExists
289,b4a054c899d5df58edd702184201afb9,pop8006536241,NotExists
289,b4a054c899d5df58edd702184201afb9,pop8006536243,NotExists
290,bf46806b52d2f1fea1461d66cde78889,1123342010,NotExists
290,bf46806b52d2f1fea1461d66cde78889,pop8007224662,NotExists
290,bf46806b52d2f1fea1461d66cde78889,1123342010,NotExists
291,adf1641552a16035d94f24f425e2772d,pop8003592516,NotExists
292,3d27b6f3ec2ee8c4c56b71b071618a11,1130051654,NotExists
292,3d27b6f3ec2ee8c4c56b71b071618a11,1130051654,NotExists
292,3d27b6f3ec2ee8c4c56b71b071618a11,1130051654,NotExists
292,3d27b6f3ec2ee8c4c56b71b071618a11,1130051654,NotExists
292,3d27b6f3ec2ee8c4c56b71b071618a11,1130051655,NotExists
292,3d27b6f3ec2ee8c4c56b71b071618a11,1130051654,NotExists
292,3d27b6f3ec2ee8c4c56b71b071618a11,1130051654,NotExists
292,3d27b6f3ec2ee8c4c56b71b071618a11,1130051654,NotExists
292,3d27b6f3ec2ee8c4c56b71b071618a11,1130051654,NotExists
292,3d27b6f3ec2ee8c4c56b71b071618a11,1130051654,NotExists
292,3d27b6f3ec2ee8c4c56b71b071618a11,1130051654,NotExists
292,3d27b6f3ec2ee8c4c56b71b071618a11,1130051654,NotExists
292,3d27b6f3ec2ee8c4c56b71b071618a11,1130051654,NotExists
292,3d27b6f3ec2ee8c4c56b71b071618a11,1130051654,NotExists
292,3d27b6f3ec2ee8c4c56b71b071618a11,1130051654,NotExists
292,3d27b6f3ec2ee8c4c56b71b071618a11,1130051654,NotExists
293,e50c7a8b400dbf442c66f98613ad6ae3,pop8010308239,NotExists
293,e50c7a8b400dbf442c66f98613ad6ae3,1104800248,NotExists
295,f7174323d1aebf00681f02c55583c354,pop8005185735,NotExists
296,6d0e6d756949912acd99c38f15587666,1122828247,NotExists
297,8361c5967276cb87486f91f25f02336a,pop8010644441,NotExists
298,fe9b9b236a99ee17c4e6ee098f46fe20,pop8009160906,NotExists
298,fe9b9b236a99ee17c4e6ee098f46fe20,pop8009160852,NotExists
298,fe9b9b236a99ee17c4e6ee098f46fe20,pop8009160906,NotExists
298,fe9b9b236a99ee17c4e6ee098f46fe20,pop8009160888,NotExists
298,fe9b9b236a99ee17c4e6ee098f46fe20,pop8009160852,NotExists
298,fe9b9b236a99ee17c4e6ee098f46fe20,pop8009160852,NotExists
298,fe9b9b236a99ee17c4e6ee098f46fe20,pop8007576000,NotExists
299,79dfac7f138c8b86060eaba1060f2c07,1130051643,NotExists
299,79dfac7f138c8b86060eaba1060f2c07,1130051642,NotExists
299,79dfac7f138c8b86060eaba1060f2c07,1130051646,NotExists
299,79dfac7f138c8b86060eaba1060f2c07,1130051643,NotExists
299,79dfac7f138c8b86060eaba1060f2c07,1130051643,NotExists
299,79dfac7f138c8b86060eaba1060f2c07,1130000909,NotExists
299,79dfac7f138c8b86060eaba1060f2c07,1130051644,NotExists
299,79dfac7f138c8b86060eaba1060f2c07,1130000909,NotExists
299,79dfac7f138c8b86060eaba1060f2c07,1130051642,NotExists
299,79dfac7f138c8b86060eaba1060f2c07,1130051648,NotExists
299,79dfac7f138c8b86060eaba1060f2c07,1130051648,NotExists
299,79dfac7f138c8b86060eaba1060f2c07,1130051650,NotExists
299,79dfac7f138c8b86060eaba1060f2c07,1130051649,NotExists
300,706f6e1c7945bd0e8cd188804e345808,1119660123,NotExists
301,40bc3ec87f4fb6a120ee8a81db3c3aca,pop8010648360,NotExists
302,570fdde1d532131eb59789c1161c5b84,pop8008752420,NotExists
302,570fdde1d532131eb59789c1161c5b84,pop8005303206,NotExists
302,570fdde1d532131eb59789c1161c5b84,pop8010143125,NotExists
302,570fdde1d532131eb59789c1161c5b84,pop8003922390,NotExists
302,570fdde1d532131eb59789c1161c5b84,pop8002055098,NotExists
302,570fdde1d532131eb59789c1161c5b84,pop8004983862,NotExists
302,570fdde1d532131eb59789c1161c5b84,1103840106,NotExists
302,570fdde1d532131eb59789c1161c5b84,pop8004569237,NotExists
302,570fdde1d532131eb59789c1161c5b84,pop8004569237,NotExists
302,570fdde1d532131eb59789c1161c5b84,pop8004516055,NotExists
302,570fdde1d532131eb59789c1161c5b84,pop8005303187,NotExists
302,570fdde1d532131eb59789c1161c5b84,N8000167782,NotExists
302,570fdde1d532131eb59789c1161c5b84,N8000108306,NotExists
302,570fdde1d532131eb59789c1161c5b84,pop8001843718,NotExists
302,570fdde1d532131eb59789c1161c5b84,pop8001843718,NotExists
302,570fdde1d532131eb59789c1161c5b84,pop8008751672,NotExists
302,570fdde1d532131eb59789c1161c5b84,pop8005215170,NotExists
302,570fdde1d532131eb59789c1161c5b84,pop8004725002,NotExists
302,570fdde1d532131eb59789c1161c5b84,pop8009902762,NotExists
302,570fdde1d532131eb59789c1161c5b84,pop8006173380,NotExists
302,570fdde1d532131eb59789c1161c5b84,pop8005371695,NotExists
303,fe0f4d69e35ded206a2a48fb1b6f6938,pop8006428822,NotExists
304,8151aab0680a175e9e9e11b82b2e9a8f,pop8009254388,NotExists
304,8151aab0680a175e9e9e11b82b2e9a8f,pop8008242660,NotExists
305,41baa9a89d94c71c17390865b546c221,pop8003125828,NotExists
305,41baa9a89d94c71c17390865b546c221,pop8010619194,NotExists
305,41baa9a89d94c71c17390865b546c221,pop8010671867,NotExists
305,41baa9a89d94c71c17390865b546c221,pop8010597407,NotExists
306,9716b59f5d970196a7658a97cc3b1baa,1123502721,NotExists
306,9716b59f5d970196a7658a97cc3b1baa,1123502721,NotExists
306,9716b59f5d970196a7658a97cc3b1baa,1130021343,NotExists
306,9716b59f5d970196a7658a97cc3b1baa,pop8008607412,NotExists
306,9716b59f5d970196a7658a97cc3b1baa,pop8007384295,NotExists
306,9716b59f5d970196a7658a97cc3b1baa,1123050520,NotExists
306,9716b59f5d970196a7658a97cc3b1baa,pop8007384295,NotExists
307,9489f5f0e3958976806fa4e422c888a5,pop8009077672,NotExists
308,52266186fc94423cd2be241b41d9a5a0,pop8010431893,NotExists
308,52266186fc94423cd2be241b41d9a5a0,pop8001840572,NotExists
308,52266186fc94423cd2be241b41d9a5a0,pop8002801803,NotExists
309,55c55b5b20a072027f64a87cb6bb1b07,pop8001839561,NotExists
309,55c55b5b20a072027f64a87cb6bb1b07,pop8005577191,NotExists
309,55c55b5b20a072027f64a87cb6bb1b07,pop8010503340,NotExists
309,55c55b5b20a072027f64a87cb6bb1b07,pop8010571725,NotExists
310,212a7a1b1733bb166cde58536fc53bdd,pop8002797793,NotExists
310,212a7a1b1733bb166cde58536fc53bdd,pop8003763095,NotExists
310,212a7a1b1733bb166cde58536fc53bdd,pop8003763095,NotExists
310,212a7a1b1733bb166cde58536fc53bdd,pop8003763098,NotExists
311,e61052b06f8e1f8952bc9b8c7844899b,pop8010610474,NotExists
311,e61052b06f8e1f8952bc9b8c7844899b,pop8010610476,NotExists
311,e61052b06f8e1f8952bc9b8c7844899b,pop8010644435,NotExists
311,e61052b06f8e1f8952bc9b8c7844899b,pop8010014914,NotExists
312,88c822b153728ac19e7e3a5f11965bca,1114180129,NotExists
313,95f5e284e15f22d0e4680e74c1773e60,pop8009602965,NotExists
314,758d32b180b1eb172c20ecf37f0f2317,pop8009908384,NotExists
315,4ab7ff0f1a87ca612459a69f177ce492,pop8008634486,NotExists
316,31bbe92481cbff34f36a0d59bc1db8b9,pop8009592348,NotExists
317,b3cd7807035a8c862ceaf73626c45f20,pop8010488600,NotExists
317,b3cd7807035a8c862ceaf73626c45f20,pop8010678146,NotExists
318,26cdf84ed5ea590a5d7d830e11746ae6,pop8005771141,NotExists
318,26cdf84ed5ea590a5d7d830e11746ae6,pop8005771141,NotExists
319,e7e8c4cdc8eade235879f34435442728,pop8010604053,NotExists
319,e7e8c4cdc8eade235879f34435442728,pop8010604055,NotExists
319,e7e8c4cdc8eade235879f34435442728,pop8010604053,NotExists
319,e7e8c4cdc8eade235879f34435442728,pop8010604052,NotExists
320,893aa20ba6404e549df637db5afe1554,pop8008812004,NotExists
320,893aa20ba6404e549df637db5afe1554,pop8008812002,NotExists
320,893aa20ba6404e549df637db5afe1554,pop8008812004,NotExists
321,6e810d1a3d6d18603674d68617602b3b,pop8010669030,NotExists
321,6e810d1a3d6d18603674d68617602b3b,pop8010682901,NotExists
321,6e810d1a3d6d18603674d68617602b3b,pop8010682911,NotExists
321,6e810d1a3d6d18603674d68617602b3b,pop8010669024,NotExists
322,283c0237dc6cd3a3fbf6474fc08c6875,pop8006906192,NotExists
323,6587f99bb5e0cd4184fb2230ddd1f24f,pop8010679466,NotExists
323,6587f99bb5e0cd4184fb2230ddd1f24f,pop8010545035,NotExists
325,8e6460d3c87bff7975452dae5f1804a0,pop8000325307,NotExists
326,29ddcfa852cdb93a3dbe8a3f0a81e633,pop8010627160,NotExists
326,29ddcfa852cdb93a3dbe8a3f0a81e633,pop8010627164,NotExists
326,29ddcfa852cdb93a3dbe8a3f0a81e633,pop8009471551,NotExists
326,29ddcfa852cdb93a3dbe8a3f0a81e633,pop8010627167,NotExists
327,78d1ba26bc62456b542d15da851ff850,pop8009749721,NotExists
327,78d1ba26bc62456b542d15da851ff850,pop8010684538,NotExists
328,866adea94374184f0dc66e7f0685285d,pop8010599719,NotExists
328,866adea94374184f0dc66e7f0685285d,pop8010599720,NotExists
328,866adea94374184f0dc66e7f0685285d,pop8010599718,NotExists
328,866adea94374184f0dc66e7f0685285d,pop8010599719,NotExists
328,866adea94374184f0dc66e7f0685285d,pop8010599720,NotExists
328,866adea94374184f0dc66e7f0685285d,pop8010608267,NotExists
328,866adea94374184f0dc66e7f0685285d,pop8007365105,NotExists
329,63bcb2f1d63cf439e4b4319d8d20065a,pop8010035164,NotExists
330,3600e08b3e64101f2672473c372e5d23,pop8010623274,NotExists
330,3600e08b3e64101f2672473c372e5d23,pop8010623274,NotExists
331,56208884a3764e96e9ba5470fd463db7,pop8008896137,NotExists
332,91817a09f895a87e9fac175da595cc90,pop8006906192,NotExists
333,cb7b161f75a6b2d5189e0b2819311134,pop8010042190,NotExists
333,cb7b161f75a6b2d5189e0b2819311134,pop8006910637,NotExists
335,56d93eb6170d095061aed7e4700f2053,pop8010556734,NotExists
335,56d93eb6170d095061aed7e4700f2053,pop8010564261,NotExists
335,56d93eb6170d095061aed7e4700f2053,pop8010564261,NotExists
335,56d93eb6170d095061aed7e4700f2053,pop8010119227,NotExists
335,56d93eb6170d095061aed7e4700f2053,pop8009866963,NotExists
336,d5bec89abbb003ca695d49dae26d7315,pop8005347305,NotExists
336,d5bec89abbb003ca695d49dae26d7315,pop8005347303,NotExists
336,d5bec89abbb003ca695d49dae26d7315,pop8005347305,NotExists
336,d5bec89abbb003ca695d49dae26d7315,pop8005347303,NotExists
337,857caefdb8752c13a542c9f0da8b812f,pop8006906192,NotExists
338,e7b3e4ed492803c544192078ba533fb7,pop8010309566,NotExists
339,c1e7ea5bc5bda71f4df4fb9a3e595350,1123080161,NotExists
339,c1e7ea5bc5bda71f4df4fb9a3e595350,1123080161,NotExists
339,c1e7ea5bc5bda71f4df4fb9a3e595350,pop8000370436,NotExists
340,31230845eb4684c7e50f848b51a2dd47,1123502365,NotExists
340,31230845eb4684c7e50f848b51a2dd47,pop8010616390,NotExists
340,31230845eb4684c7e50f848b51a2dd47,pop8009949524,NotExists
340,31230845eb4684c7e50f848b51a2dd47,pop8009949523,NotExists
341,420e92bc12cc6a358cb40c971ff6b23a,pop8009272950,NotExists
341,420e92bc12cc6a358cb40c971ff6b23a,pop8009272950,NotExists
342,1ad6a265c48c71b594c9f5c73309db28,pop8004267087,NotExists
342,1ad6a265c48c71b594c9f5c73309db28,pop8004267086,NotExists
343,736b4e8796adb948a5bd8006b9d8a7d3,pop8001455224,NotExists
344,fd80b46065d56f40054383cae2974480,pop8008022451,NotExists
344,fd80b46065d56f40054383cae2974480,pop8008022450,NotExists
345,c5b14204a8ba291691d60ba2022880fc,pop8001780870,NotExists
345,c5b14204a8ba291691d60ba2022880fc,pop8001780870,NotExists
346,a0900b1b672b85c577d52c4c6ff56a24,1123181276,NotExists
347,3399585dd501a187ea7a61c046040546,pop8002400736,NotExists
347,3399585dd501a187ea7a61c046040546,pop8002400736,NotExists
347,3399585dd501a187ea7a61c046040546,pop8002400736,NotExists
347,3399585dd501a187ea7a61c046040546,pop8002400736,NotExists
347,3399585dd501a187ea7a61c046040546,pop8002400736,NotExists
347,3399585dd501a187ea7a61c046040546,pop8001944732,NotExists
348,4bf66655e602216de8f086bff4fe78a5,1130002816,NotExists
349,5b5eec3f418920e45e6ebc49eaff585e,pop8010644441,NotExists
350,98306e5972df67417f368b84d9fd3900,1100934289,NotExists
351,08293f629f30754682bdbdeee78604e5,pop8006906192,NotExists
352,d4270655312299434c774c1cd54e2789,pop8004095096,NotExists
353,d92f413343b09dec2939c954bbb25955,pop8006917004,NotExists
354,1891445d77c0af96673457b1843b9c5f,pop8004358735,NotExists
355,81a0db293a8d19d0e8ab46da7f43653d,pop8010081529,NotExists
355,81a0db293a8d19d0e8ab46da7f43653d,1130000690,NotExists
355,81a0db293a8d19d0e8ab46da7f43653d,1130017331,NotExists
355,81a0db293a8d19d0e8ab46da7f43653d,1130018545,NotExists
355,81a0db293a8d19d0e8ab46da7f43653d,1130017331,NotExists
355,81a0db293a8d19d0e8ab46da7f43653d,1130017781,NotExists
356,d7b25ff6aa5d6c809b96ac49cdd4dd99,pop8001557220,NotExists
357,2ef55a5aa4b0c4c5c80c30e2f925aae0,pop8010039663,NotExists
357,2ef55a5aa4b0c4c5c80c30e2f925aae0,pop8010039663,NotExists
358,600ff1ba4fdde2a33e7510a2beed2c2f,pop8010519413,NotExists
358,600ff1ba4fdde2a33e7510a2beed2c2f,pop8010519413,NotExists
358,600ff1ba4fdde2a33e7510a2beed2c2f,pop8010519413,NotExists
358,600ff1ba4fdde2a33e7510a2beed2c2f,pop8010552114,NotExists
358,600ff1ba4fdde2a33e7510a2beed2c2f,pop8010552114,NotExists
358,600ff1ba4fdde2a33e7510a2beed2c2f,pop8010552114,NotExists
359,370d8dfa6745d47e6c6c272b16589c9d,1123180922,NotExists
359,370d8dfa6745d47e6c6c272b16589c9d,1123180922,NotExists
360,46de88692ae8be0d8ed2c7d5e7b90607,pop8008213336,NotExists
360,46de88692ae8be0d8ed2c7d5e7b90607,pop8008929887,NotExists
361,251e45d7d95539ded2ef24ab51cf9d3c,pop8003251543,NotExists
362,57f3887db808fa2f2e95a32d34ec67b5,pop8008252644,NotExists
363,c5303aa69f2af5191116cb41c095f569,pop8005022804,NotExists
363,c5303aa69f2af5191116cb41c095f569,pop8005022805,NotExists
363,c5303aa69f2af5191116cb41c095f569,pop8005022804,NotExists
363,c5303aa69f2af5191116cb41c095f569,pop8008349896,NotExists
363,c5303aa69f2af5191116cb41c095f569,pop8008349896,NotExists
364,95f5e284e15f22d0e4680e74c1773e60,pop8009602965,NotExists
365,1a0b1995701fa5b813b9a92492f3fd0f,pop8003401320,NotExists
365,1a0b1995701fa5b813b9a92492f3fd0f,pop8001134303,NotExists
366,cd5e3bb628557caaa20c246e8c6197fd,pop8010602461,NotExists
366,cd5e3bb628557caaa20c246e8c6197fd,pop8010602466,NotExists
366,cd5e3bb628557caaa20c246e8c6197fd,pop8010602462,NotExists
366,cd5e3bb628557caaa20c246e8c6197fd,pop8010602465,NotExists
366,cd5e3bb628557caaa20c246e8c6197fd,pop8010602471,NotExists
366,cd5e3bb628557caaa20c246e8c6197fd,pop8010602472,NotExists
366,cd5e3bb628557caaa20c246e8c6197fd,pop8010602472,NotExists
366,cd5e3bb628557caaa20c246e8c6197fd,pop8010602467,NotExists
366,cd5e3bb628557caaa20c246e8c6197fd,pop8010683811,NotExists
366,cd5e3bb628557caaa20c246e8c6197fd,pop8010698467,NotExists
366,cd5e3bb628557caaa20c246e8c6197fd,pop8010725776,NotExists
366,cd5e3bb628557caaa20c246e8c6197fd,pop8010725774,NotExists
366,cd5e3bb628557caaa20c246e8c6197fd,pop8010725775,NotExists
366,cd5e3bb628557caaa20c246e8c6197fd,pop8010725777,NotExists
366,cd5e3bb628557caaa20c246e8c6197fd,pop8010725778,NotExists
366,cd5e3bb628557caaa20c246e8c6197fd,pop8010725776,NotExists
367,e24855908c0598a4b1a054ac18f53785,pop8006906192,NotExists
368,a8a9465088ccfac819c9ad4bd1ae21fc,1108710879,NotExists
368,a8a9465088ccfac819c9ad4bd1ae21fc,1108710879,NotExists
369,42a711de29ee7103f3bbc07d8d194c1e,pop8006262454,NotExists
370,826de0a438257f50c5caa7e8dd10639f,pop8010687401,NotExists
371,fd62db9dcc0022dc43fcd6f5dad6f08d,pop8004600178,NotExists
372,95c777f05d8b88c0a31d420113de16df,1123460084,NotExists
372,95c777f05d8b88c0a31d420113de16df,1122290177,NotExists
372,95c777f05d8b88c0a31d420113de16df,1103820061,NotExists
372,95c777f05d8b88c0a31d420113de16df,1130016551,NotExists
372,95c777f05d8b88c0a31d420113de16df,1103820061,NotExists
372,95c777f05d8b88c0a31d420113de16df,1130016730,NotExists
372,95c777f05d8b88c0a31d420113de16df,1122824088,NotExists
372,95c777f05d8b88c0a31d420113de16df,pop8005165943,NotExists
372,95c777f05d8b88c0a31d420113de16df,1130016492,NotExists
372,95c777f05d8b88c0a31d420113de16df,1130016551,NotExists
372,95c777f05d8b88c0a31d420113de16df,1130019265,NotExists
372,95c777f05d8b88c0a31d420113de16df,1116990076,NotExists
372,95c777f05d8b88c0a31d420113de16df,pop8006712306,NotExists
372,95c777f05d8b88c0a31d420113de16df,pop8009825016,NotExists
372,95c777f05d8b88c0a31d420113de16df,pop8010229341,NotExists
372,95c777f05d8b88c0a31d420113de16df,pop8009925522,NotExists
372,95c777f05d8b88c0a31d420113de16df,pop8010196987,NotExists
372,95c777f05d8b88c0a31d420113de16df,pop8010049017,NotExists
372,95c777f05d8b88c0a31d420113de16df,pop8009564016,NotExists
372,95c777f05d8b88c0a31d420113de16df,1130019007,NotExists
372,95c777f05d8b88c0a31d420113de16df,1122824088,NotExists
372,95c777f05d8b88c0a31d420113de16df,1123341001,NotExists
372,95c777f05d8b88c0a31d420113de16df,pop8010229341,NotExists
372,95c777f05d8b88c0a31d420113de16df,pop8010229335,NotExists
372,95c777f05d8b88c0a31d420113de16df,pop8009640688,NotExists
372,95c777f05d8b88c0a31d420113de16df,1123502920,NotExists
372,95c777f05d8b88c0a31d420113de16df,1122290218,NotExists
373,d7b25ff6aa5d6c809b96ac49cdd4dd99,pop8001557220,NotExists
374,52e3665db67854a562fcf2a2cc6a733d,pop8006298203,NotExists
375,6b366a45707bb7712166e2ae6322f589,pop8010623887,NotExists
376,eb687300bc43a1d27789c44ec6c5133f,pop8010290792,NotExists
376,eb687300bc43a1d27789c44ec6c5133f,pop8010567535,NotExists
376,eb687300bc43a1d27789c44ec6c5133f,pop8010567535,NotExists
376,eb687300bc43a1d27789c44ec6c5133f,pop8010567535,NotExists
376,eb687300bc43a1d27789c44ec6c5133f,pop8010567535,NotExists
377,8282158a338f3e5bdded7ed5b5eb6282,1000045789,NotExists
378,1ee5174d2711e9bb74c497db03da55d1,pop8009999235,NotExists
379,fb368c148df7fd5b0f1beda0c983d57e,pop8009436443,NotExists
380,6c84f57c38c2f00dd588eb4fb68c9a37,pop8005356575,NotExists
381,fe9b9b236a99ee17c4e6ee098f46fe20,pop8009160906,NotExists
381,fe9b9b236a99ee17c4e6ee098f46fe20,pop8009160852,NotExists
381,fe9b9b236a99ee17c4e6ee098f46fe20,pop8009160906,NotExists
381,fe9b9b236a99ee17c4e6ee098f46fe20,pop8009160888,NotExists
381,fe9b9b236a99ee17c4e6ee098f46fe20,pop8009160852,NotExists
381,fe9b9b236a99ee17c4e6ee098f46fe20,pop8009160852,NotExists
381,fe9b9b236a99ee17c4e6ee098f46fe20,pop8007576000,NotExists
382,786638cffe78d752eeda5964dddcc529,pop8010600318,NotExists
382,786638cffe78d752eeda5964dddcc529,pop8010701314,NotExists
383,e134f8d0ae807810fd4cc9f4d083c4cc,pop8002650049,NotExists
384,24a43dbfe3e5f517b100480ae486d83b,1130019659,NotExists
384,24a43dbfe3e5f517b100480ae486d83b,1130019659,NotExists
384,24a43dbfe3e5f517b100480ae486d83b,1123502813,NotExists
384,24a43dbfe3e5f517b100480ae486d83b,1123502813,NotExists
385,79cb300fa63db0c2f8548f0843a0938d,pop8005303934,NotExists
385,79cb300fa63db0c2f8548f0843a0938d,pop8010436771,NotExists
385,79cb300fa63db0c2f8548f0843a0938d,pop8005424114,NotExists
385,79cb300fa63db0c2f8548f0843a0938d,pop8005424114,NotExists
385,79cb300fa63db0c2f8548f0843a0938d,pop8005424114,NotExists
386,3bf75afc766af8113a30bc6b35676ce9,1113080242,NotExists
387,818a16b413f541d2d2308cf6f3a9baff,1110320043,NotExists
388,6cfd14a924ef638ad20db08cdb51b3e2,pop8006906192,NotExists
389,b58b5bef02f5f25f04cc757ac8e504cf,1123502789,NotExists
389,b58b5bef02f5f25f04cc757ac8e504cf,1123140245,NotExists
390,007e57684449a23736c7041a40a34b3b,pop8002642059,NotExists
391,068afb0e080707682248407999c8a223,pop8007768913,NotExists
392,9648c4fa0f75f7c1f7917b37b05e912f,pop8005991247,NotExists
392,9648c4fa0f75f7c1f7917b37b05e912f,pop8005991247,NotExists
392,9648c4fa0f75f7c1f7917b37b05e912f,pop8005991247,NotExists
392,9648c4fa0f75f7c1f7917b37b05e912f,pop8005991247,NotExists
393,5391f33ffe0083dd8ee3a77169f74464,pop8006721769,NotExists
394,bcd88bdafaed9849d6268805592bc1cc,pop8009951326,NotExists
394,bcd88bdafaed9849d6268805592bc1cc,pop8010238924,NotExists
394,bcd88bdafaed9849d6268805592bc1cc,pop8008220739,NotExists
394,bcd88bdafaed9849d6268805592bc1cc,pop8009237195,NotExists
394,bcd88bdafaed9849d6268805592bc1cc,pop8010194136,NotExists
394,bcd88bdafaed9849d6268805592bc1cc,pop8009951328,NotExists
394,bcd88bdafaed9849d6268805592bc1cc,pop8009951326,NotExists
394,bcd88bdafaed9849d6268805592bc1cc,pop8010205565,NotExists
394,bcd88bdafaed9849d6268805592bc1cc,pop8008230309,NotExists
394,bcd88bdafaed9849d6268805592bc1cc,pop8008230309,NotExists
394,bcd88bdafaed9849d6268805592bc1cc,pop8010674341,NotExists
394,bcd88bdafaed9849d6268805592bc1cc,pop8010674341,NotExists
394,bcd88bdafaed9849d6268805592bc1cc,pop8010594335,NotExists
394,bcd88bdafaed9849d6268805592bc1cc,pop8010594338,NotExists
394,bcd88bdafaed9849d6268805592bc1cc,pop8009951326,NotExists
395,6ba7f79bdfb41840662691a00f17fa9f,1130017760,NotExists
396,714e1d67ed0dd4cc0dff8a3d052bb118,1122840597,NotExists
396,714e1d67ed0dd4cc0dff8a3d052bb118,1122840597,NotExists
